"Model","C_index_Train","AUC_Train","Brier_Train","C_index_Val","AUC_Val","Brier_Val","C_index_Test","AUC_Test","Brier_Test","Overfitting_CIndex","Overfitting_AUC"
"m1_stepaic_forward",0.716396360400283,0.715080530731124,0.237219212580357,0.691387070376432,0.71176902373379,0.271347254304005,0.775967413441955,0.78125,0.237200088865243,-0.0595710530416719,-0.0661694692688756
"m5_univariate_screen",0.718530357240152,0.705160439122751,0.232434604105242,0.722176759410802,0.739662344017618,0.206526739740881,0.766802443991853,0.760125,0.195536227145895,-0.0482720867517016,-0.0549645608772493
"m7_lasso",0.710012531555911,0.698576087227104,0.240742794857219,0.696399345335516,0.718008319060436,0.206800222812476,0.751301199366373,0.738625,0.19527505512191,-0.0412886678104618,-0.0400489127728966
"m7k_lasso_constrained",0.708900128947894,0.697387418784695,0.239621744982963,0.695325286415712,0.717213114754098,0.20679083846711,0.749321113374066,0.7371875,0.195843346483102,-0.0404209844261724,-0.0398000812153047
"m6_rfe",0.720246635549663,0.719909885240596,0.319595227017969,0.6805441898527,0.699535111328603,0.253113928697405,0.749151391717583,0.747875,0.236612090081397,-0.0289047561679201,-0.0279651147594032
"m2_stepaic_backward",0.71550643831387,0.711856812128151,0.28594643927636,0.671644844517185,0.686322485931,0.235815814444727,0.745530663045938,0.7475,0.208140430030738,-0.0300242247320679,-0.0356431878718482
"m8_predefined",0.707928479322933,0.699671404744716,0.237955319443201,0.682743453355156,0.70393931979447,0.263124918090216,0.741966508259787,0.7335625,0.254896361202482,-0.0340380289368545,-0.0338910952552838
"m3_stepbic_forward",0.697589945696591,0.693547584078066,0.226982514124279,0.688471767594108,0.71268656716418,0.226829045157447,0.730595157275402,0.7239375,0.226311395485154,-0.0330052115788106,-0.0303899159219346
"m4_stepbic_backward",0.700931693939449,0.698003534888352,0.421866649103493,0.678651800327332,0.700697333007096,0.31015567219741,0.690088255261371,0.6819375,0.296343548832987,0.0108434386780776,0.0160660348883525
